{
    "Author": "Hawker",
    "Compatibility": "Compatible",
    "DefuserDifficulty": "VeryEasy",
    "Description": "Humor Papyrus by solving one of his puzzles",
    "ExpertDifficulty": "VeryEasy",
    "ModuleID": "PapyrusTiles",
    "Name": "Papyrus Tiles",
    "Origin": "Mods",
    "Published": "2023-08-11",
    "SortKey": "PAPYRUSTILES",
    "SourceUrl": "https://github.com/KTANE-MODS/Papyrus-Tiles",
    "Souvenir": { "Status": "NotACandidate" },
    "SteamID": "3018417010",
    "Type": "Regular"
  }